A:PRO:34	1x29
A:TRP:35	1x30
A:GLN:36	1x31
A:PHE:37	1x32
A:SER:38	1x33
A:MET:39	1x34
A:LEU:40	1x35
A:ALA:41	1x36
A:ALA:42	1x37
A:TYR:43	1x38
A:MET:44	1x39
A:PHE:45	1x40
A:LEU:46	1x41
A:LEU:47	1x42
A:ILE:48	1x43
A:MET:49	1x44
A:LEU:50	1x45
A:GLY:51	1x46
A:PHE:52	1x47
A:PRO:53	1x48
A:ILE:54	1x49
A:ASN:55	1x50
A:PHE:56	1x51
A:LEU:57	1x52
A:THR:58	1x53
A:LEU:59	1x54
A:TYR:60	1x55
A:VAL:61	1x56
A:THR:62	1x57
A:VAL:63	1x58
A:GLN:64	1x59
A:HIS:65	1x60
A:LYS:66	12x48
A:LYS:67	12x49
A:LEU:68	12x50
A:ARG:69	12x51
A:THR:70	12x52
A:PRO:71	2x38
A:LEU:72	2x39
A:ASN:73	2x40
A:TYR:74	2x41
A:ILE:75	2x42
A:LEU:76	2x43
A:LEU:77	2x44
A:ASN:78	2x45
A:LEU:79	2x46
A:ALA:80	2x47
A:VAL:81	2x48
A:ALA:82	2x49
A:ASP:83	2x50
A:LEU:84	2x51
A:PHE:85	2x52
A:MET:86	2x53
A:VAL:87	2x54
A:PHE:88	2x55
A:GLY:90	2x56
A:PHE:91	2x57
A:THR:92	2x58
A:THR:93	2x59
A:THR:94	2x60
A:LEU:95	2x61
A:TYR:96	2x62
A:THR:97	2x63
A:SER:98	2x64
A:LEU:99	2x65
A:HIS:100	2x66
A:GLY:101	23x48
A:TYR:102	23x49
A:PHE:103	23x50
A:VAL:104	23x51
A:PHE:105	23x52
A:GLY:106	23x53
A:PRO:107	3x22
A:THR:108	3x23
A:GLY:109	3x24
A:CYS:110	3x25
A:ASN:111	3x26
A:LEU:112	3x27
A:GLU:113	3x28
A:GLY:114	3x29
A:PHE:115	3x30
A:PHE:116	3x31
A:ALA:117	3x32
A:THR:118	3x33
A:LEU:119	3x34
A:GLY:120	3x35
A:GLY:121	3x36
A:GLU:122	3x37
A:ILE:123	3x38
A:ALA:124	3x39
A:LEU:125	3x40
A:TRP:126	3x41
A:SER:127	3x42
A:LEU:128	3x43
A:VAL:129	3x44
A:VAL:130	3x45
A:LEU:131	3x46
A:ALA:132	3x47
A:ILE:133	3x48
A:GLU:134	3x49
A:ARG:135	3x50
A:TYR:136	3x51
A:VAL:137	3x52
A:VAL:138	3x53
A:VAL:139	3x54
A:CYS:140	3x55
A:PRO:142	34x50
A:MET:143	34x51
A:SER:144	34x52
A:ASN:145	34x53
A:PHE:146	34x54
A:ARG:147	34x55
A:PHE:148	34x56
A:GLY:149	34x57
A:HIS:152	4x41
A:ALA:153	4x42
A:ILE:154	4x43
A:MET:155	4x44
A:GLY:156	4x45
A:VAL:157	4x46
A:ALA:158	4x47
A:PHE:159	4x48
A:THR:160	4x49
A:TRP:161	4x50
A:VAL:162	4x51
A:MET:163	4x52
A:ALA:164	4x53
A:LEU:165	4x54
A:ALA:166	4x55
A:CYS:167	4x56
A:ALA:168	4x57
A:ALA:169	4x58
A:PRO:170	4x59
A:PRO:171	4x60
A:LEU:172	4x61
A:VAL:173	4x62
A:CYS:187	45x50
A:GLY:188	45x51
A:ILE:189	45x52
A:ASN:200	5x36
A:GLU:201	5x37
A:SER:202	5x38
A:PHE:203	5x39
A:VAL:204	5x40
A:ILE:205	5x41
A:TYR:206	5x42
A:MET:207	5x43
A:PHE:208	5x44
A:VAL:209	5x45
A:VAL:210	5x46
A:HIS:211	5x461
A:PHE:212	5x47
A:ILE:213	5x48
A:ILE:214	5x49
A:PRO:215	5x50
A:LEU:216	5x51
A:ILE:217	5x52
A:VAL:218	5x53
A:ILE:219	5x54
A:PHE:220	5x55
A:PHE:221	5x56
A:CYS:222	5x57
A:TYR:223	5x58
A:GLY:224	5x59
A:GLN:225	5x60
A:LEU:226	5x61
A:VAL:227	5x62
A:PHE:228	5x63
A:THR:229	5x64
A:VAL:230	5x65
A:LYS:231	5x66
A:GLU:232	5x67
A:ALA:233	5x68
A:THR:242	6x25
A:THR:243	6x26
A:GLN:244	6x27
A:LYS:245	6x28
A:ALA:246	6x29
A:GLU:247	6x30
A:LYS:248	6x31
A:GLU:249	6x32
A:VAL:250	6x33
A:THR:251	6x34
A:ARG:252	6x35
A:MET:253	6x36
A:VAL:254	6x37
A:ILE:255	6x38
A:ILE:256	6x39
A:MET:257	6x40
A:VAL:258	6x41
A:ILE:259	6x42
A:ALA:260	6x43
A:PHE:261	6x44
A:LEU:262	6x45
A:ILE:263	6x46
A:CYS:264	6x47
A:TRP:265	6x48
A:LEU:266	6x49
A:PRO:267	6x50
A:TYR:268	6x51
A:ALA:269	6x52
A:GLY:270	6x53
A:VAL:271	6x54
A:ALA:272	6x55
A:PHE:273	6x56
A:TYR:274	6x57
A:ILE:275	6x58
A:PHE:276	6x59
A:THR:277	6x60
A:HIS:278	6x61
A:ILE:286	7x32
A:PHE:287	7x33
A:MET:288	7x34
A:THR:289	7x35
A:ILE:290	7x36
A:PRO:291	7x37
A:ALA:292	7x38
A:PHE:293	7x39
A:PHE:294	7x40
A:ALA:295	7x41
A:LYS:296	7x42
A:THR:297	7x43
A:SER:298	7x45
A:ALA:299	7x46
A:VAL:300	7x47
A:TYR:301	7x48
A:ASN:302	7x49
A:PRO:303	7x50
A:VAL:304	7x51
A:ILE:305	7x52
A:TYR:306	7x53
A:ILE:307	7x54
A:MET:308	7x55
A:MET:309	7x56
A:ASN:310	7x57
A:LYS:311	8x48
A:GLN:312	8x49
A:PHE:313	8x50
A:ARG:314	8x51
A:ASN:315	8x52
A:CYS:316	8x53
A:MET:317	8x54
A:VAL:318	8x55
A:THR:319	8x56
A:THR:320	8x57
A:LEU:321	8x58
A:CYS:322	8x59
