R:GLU:30	1x29
R:VAL:31	1x30
R:TRP:32	1x31
R:VAL:33	1x32
R:VAL:34	1x33
R:GLY:35	1x34
R:MET:36	1x35
R:GLY:37	1x36
R:ILE:38	1x37
R:VAL:39	1x38
R:MET:40	1x39
R:SER:41	1x40
R:LEU:42	1x41
R:ILE:43	1x42
R:VAL:44	1x43
R:LEU:45	1x44
R:ALA:46	1x45
R:ILE:47	1x46
R:VAL:48	1x47
R:PHE:49	1x48
R:GLY:50	1x49
R:ASN:51	1x50
R:VAL:52	1x51
R:LEU:53	1x52
R:VAL:54	1x53
R:ILE:55	1x54
R:THR:56	1x55
R:ALA:57	1x56
R:ILE:58	1x57
R:ALA:59	1x58
R:LYS:60	1x59
R:PHE:61	1x60
R:GLU:62	12x48
R:ARG:63	12x49
R:LEU:64	12x50
R:GLN:65	12x51
R:THR:66	12x52
R:VAL:67	2x38
R:THR:68	2x39
R:ASN:69	2x40
R:TYR:70	2x41
R:PHE:71	2x42
R:ILE:72	2x43
R:THR:73	2x44
R:SER:74	2x45
R:LEU:75	2x46
R:ALA:76	2x47
R:CYS:77	2x48
R:ALA:78	2x49
R:ASP:79	2x50
R:LEU:80	2x51
R:VAL:81	2x52
R:MET:82	2x53
R:GLY:83	2x54
R:LEU:84	2x55
R:VAL:86	2x56
R:VAL:87	2x57
R:PRO:88	2x58
R:PHE:89	2x59
R:GLY:90	2x60
R:ALA:91	2x61
R:ALA:92	2x62
R:HIS:93	2x63
R:ILE:94	2x64
R:LEU:95	2x65
R:THR:96	2x66
R:LYS:97	23x48
R:THR:98	23x49
R:TRP:99	23x50
R:THR:100	23x51
R:PHE:101	23x52
R:GLY:102	23x53
R:ASN:103	3x22
R:PHE:104	3x23
R:TRP:105	3x24
R:CYS:106	3x25
R:GLU:107	3x26
R:PHE:108	3x27
R:TRP:109	3x28
R:THR:110	3x29
R:SER:111	3x30
R:ILE:112	3x31
R:ASP:113	3x32
R:VAL:114	3x33
R:LEU:115	3x34
R:CYS:116	3x35
R:VAL:117	3x36
R:THR:118	3x37
R:ALA:119	3x38
R:SER:120	3x39
R:ILE:121	3x40
R:GLU:122	3x41
R:THR:123	3x42
R:LEU:124	3x43
R:CYS:125	3x44
R:VAL:126	3x45
R:ILE:127	3x46
R:ALA:128	3x47
R:VAL:129	3x48
R:ASP:130	3x49
R:ARG:131	3x50
R:TYR:132	3x51
R:PHE:133	3x52
R:ALA:134	3x53
R:ILE:135	3x54
R:THR:136	3x55
R:SER:137	3x56
R:PRO:138	34x50
R:PHE:139	34x51
R:LYS:140	34x52
R:TYR:141	34x53
R:GLN:142	34x54
R:SER:143	34x55
R:LEU:144	34x56
R:LEU:145	34x57
R:LYS:149	4x41
R:ALA:150	4x42
R:ARG:151	4x43
R:VAL:152	4x44
R:ILE:153	4x45
R:ILE:154	4x46
R:LEU:155	4x47
R:MET:156	4x48
R:VAL:157	4x49
R:TRP:158	4x50
R:ILE:159	4x51
R:VAL:160	4x52
R:SER:161	4x53
R:GLY:162	4x54
R:LEU:163	4x55
R:THR:164	4x56
R:SER:165	4x57
R:PHE:166	4x58
R:LEU:167	4x59
R:PRO:168	4x60
R:ILE:169	4x61
R:GLN:170	4x62
R:MET:171	4x63
R:CYS:191	45x50
R:ASP:192	45x51
R:PHE:193	45x52
R:ALA:198	5x38
R:TYR:199	5x39
R:ALA:200	5x40
R:ILE:201	5x41
R:ALA:202	5x42
R:SER:203	5x43
R:SER:204	5x44
R:ILE:205	5x45
R:VAL:206	5x46
R:SER:207	5x461
R:PHE:208	5x47
R:TYR:209	5x48
R:VAL:210	5x49
R:PRO:211	5x50
R:LEU:212	5x51
R:VAL:213	5x52
R:ILE:214	5x53
R:MET:215	5x54
R:VAL:216	5x55
R:PHE:217	5x56
R:VAL:218	5x57
R:TYR:219	5x58
R:SER:220	5x59
R:ARG:221	5x60
R:VAL:222	5x61
R:PHE:223	5x62
R:GLN:224	5x63
R:GLU:225	5x64
R:ALA:226	5x65
R:LYS:227	5x66
R:ARG:228	5x67
R:GLN:229	5x68
R:CYS:265	6x27
R:LEU:266	6x28
R:LYS:267	6x29
R:GLU:268	6x30
R:HIS:269	6x31
R:LYS:270	6x32
R:ALA:271	6x33
R:LEU:272	6x34
R:LYS:273	6x35
R:THR:274	6x36
R:LEU:275	6x37
R:GLY:276	6x38
R:ILE:277	6x39
R:ILE:278	6x40
R:MET:279	6x41
R:GLY:280	6x42
R:THR:281	6x43
R:PHE:282	6x44
R:THR:283	6x45
R:LEU:284	6x46
R:CYS:285	6x47
R:TRP:286	6x48
R:LEU:287	6x49
R:PRO:288	6x50
R:PHE:289	6x51
R:PHE:290	6x52
R:ILE:291	6x53
R:VAL:292	6x54
R:ASN:293	6x55
R:ILE:294	6x56
R:VAL:295	6x57
R:HIS:296	6x58
R:VAL:297	6x59
R:ILE:298	6x60
R:GLN:299	6x61
R:ARG:304	7x30
R:LYS:305	7x31
R:GLU:306	7x32
R:VAL:307	7x33
R:TYR:308	7x34
R:ILE:309	7x35
R:LEU:310	7x36
R:LEU:311	7x37
R:ASN:312	7x38
R:TRP:313	7x39
R:ILE:314	7x40
R:GLY:315	7x41
R:TYR:316	7x42
R:VAL:317	7x43
R:ASN:318	7x45
R:SER:319	7x46
R:GLY:320	7x47
R:PHE:321	7x48
R:ASN:322	7x49
R:PRO:323	7x50
R:LEU:324	7x51
R:ILE:325	7x52
R:TYR:326	7x53
R:CYS:327	7x54
R:ARG:328	7x55
R:SER:329	7x56
R:PRO:330	8x48
R:ASP:331	8x49
R:PHE:332	8x50
R:ARG:333	8x51
R:ILE:334	8x52
R:ALA:335	8x53
R:PHE:336	8x54
R:GLN:337	8x55
R:GLU:338	8x56
R:LEU:339	8x57
R:LEU:340	8x58
R:CYS:341	8x59
