A:SER:45	1x28
A:LEU:46	1x29
A:ALA:47	1x30
A:LEU:48	1x31
A:ALA:49	1x32
A:ILE:50	1x33
A:ALA:51	1x34
A:ILE:52	1x35
A:THR:53	1x36
A:ALA:54	1x37
A:LEU:55	1x38
A:TYR:56	1x39
A:SER:57	1x40
A:ALA:58	1x41
A:VAL:59	1x42
A:CYS:60	1x43
A:ALA:61	1x44
A:VAL:62	1x45
A:GLY:63	1x46
A:LEU:64	1x47
A:LEU:65	1x48
A:GLY:66	1x49
A:ASN:67	1x50
A:VAL:68	1x51
A:LEU:69	1x52
A:VAL:70	1x53
A:MET:71	1x54
A:PHE:72	1x55
A:GLY:73	1x56
A:ILE:74	1x57
A:VAL:75	1x58
A:ARG:76	1x59
A:TYR:77	1x60
A:THR:78	12x48
A:LYS:79	12x49
A:MET:80	12x50
A:LYS:81	12x51
A:THR:82	12x52
A:ALA:83	2x38
A:THR:84	2x39
A:ASN:85	2x40
A:ILE:86	2x41
A:TYR:87	2x42
A:ILE:88	2x43
A:PHE:89	2x44
A:ASN:90	2x45
A:LEU:91	2x46
A:ALA:92	2x47
A:LEU:93	2x48
A:ALA:94	2x49
A:ASP:95	2x50
A:ALA:96	2x51
A:LEU:97	2x52
A:ALA:98	2x53
A:THR:99	2x54
A:SER:100	2x55
A:THR:101	2x56
A:LEU:102	2x57
A:PRO:103	2x58
A:PHE:104	2x59
A:GLN:105	2x60
A:SER:106	2x61
A:ALA:107	2x62
A:LYS:108	2x63
A:TYR:109	2x64
A:LEU:110	2x65
A:MET:111	2x66
A:GLU:112	23x48
A:THR:113	23x49
A:TRP:114	23x50
A:PRO:115	23x51
A:PHE:116	23x52
A:GLY:117	23x53
A:GLU:118	3x22
A:LEU:119	3x23
A:LEU:120	3x24
A:CYS:121	3x25
A:LYS:122	3x26
A:ALA:123	3x27
A:VAL:124	3x28
A:LEU:125	3x29
A:SER:126	3x30
A:ILE:127	3x31
A:ASP:128	3x32
A:TYR:129	3x33
A:TYR:130	3x34
A:ASN:131	3x35
A:MET:132	3x36
A:PHE:133	3x37
A:THR:134	3x38
A:SER:135	3x39
A:ILE:136	3x40
A:PHE:137	3x41
A:THR:138	3x42
A:LEU:139	3x43
A:THR:140	3x44
A:MET:141	3x45
A:MET:142	3x46
A:SER:143	3x47
A:VAL:144	3x48
A:ASP:145	3x49
A:ARG:146	3x50
A:TYR:147	3x51
A:ILE:148	3x52
A:ALA:149	3x53
A:VAL:150	3x54
A:CYS:151	3x55
A:HIS:152	3x56
A:PRO:153	34x50
A:VAL:154	34x51
A:LYS:155	34x52
A:ALA:156	34x53
A:LEU:157	34x54
A:ASP:158	34x55
A:PHE:159	34x56
A:ARG:160	34x57
A:LYS:164	4x41
A:ALA:165	4x42
A:LYS:166	4x43
A:LEU:167	4x44
A:ILE:168	4x45
A:ASN:169	4x46
A:ILE:170	4x47
A:CYS:171	4x48
A:ILE:172	4x49
A:TRP:173	4x50
A:VAL:174	4x51
A:LEU:175	4x52
A:ALA:176	4x53
A:SER:177	4x54
A:GLY:178	4x55
A:VAL:179	4x56
A:GLY:180	4x57
A:VAL:181	4x58
A:PRO:182	4x59
A:ILE:183	4x60
A:MET:184	4x61
A:VAL:185	4x62
A:MET:186	4x63
A:CYS:198	45x50
A:MET:199	45x51
A:LEU:200	45x52
A:SER:206	5x32
A:TRP:207	5x33
A:TYR:208	5x34
A:TRP:209	5x35
A:ASP:210	5x36
A:THR:211	5x37
A:VAL:212	5x38
A:THR:213	5x39
A:LYS:214	5x40
A:ILE:215	5x41
A:CYS:216	5x42
A:VAL:217	5x43
A:PHE:218	5x44
A:LEU:219	5x45
A:PHE:220	5x46
A:ALA:221	5x461
A:PHE:222	5x47
A:VAL:223	5x48
A:VAL:224	5x49
A:PRO:225	5x50
A:ILE:226	5x51
A:LEU:227	5x52
A:ILE:228	5x53
A:ILE:229	5x54
A:THR:230	5x55
A:VAL:231	5x56
A:CYS:232	5x57
A:TYR:233	5x58
A:GLY:234	5x59
A:LEU:235	5x60
A:MET:236	5x61
A:LEU:237	5x62
A:LEU:238	5x63
A:ARG:239	5x64
A:LEU:240	5x65
A:ARG:241	5x66
A:SER:242	5x67
A:VAL:243	5x68
A:SER:249	6x23
A:LYS:250	6x24
A:GLU:251	6x25
A:LYS:252	6x26
A:ASP:253	6x27
A:ARG:254	6x28
A:SER:255	6x29
A:LEU:256	6x30
A:ARG:257	6x31
A:ARG:258	6x32
A:ILE:259	6x33
A:THR:260	6x34
A:ARG:261	6x35
A:MET:262	6x36
A:VAL:263	6x37
A:LEU:264	6x38
A:VAL:265	6x39
A:VAL:266	6x40
A:VAL:267	6x41
A:GLY:268	6x42
A:ALA:269	6x43
A:PHE:270	6x44
A:VAL:271	6x45
A:VAL:272	6x46
A:CYS:273	6x47
A:TRP:274	6x48
A:ALA:275	6x49
A:PRO:276	6x50
A:ILE:277	6x51
A:HIS:278	6x52
A:ILE:279	6x53
A:PHE:280	6x54
A:VAL:281	6x55
A:ILE:282	6x56
A:VAL:283	6x57
A:TRP:284	6x58
A:THR:285	6x59
A:LEU:286	6x60
A:VAL:287	6x61
A:PRO:294	7x28
A:LEU:295	7x29
A:VAL:296	7x30
A:VAL:297	7x31
A:ALA:298	7x32
A:ALA:299	7x33
A:LEU:300	7x34
A:HIS:301	7x35
A:LEU:302	7x36
A:CYS:303	7x37
A:ILE:304	7x38
A:ALA:305	7x39
A:LEU:306	7x40
A:GLY:307	7x41
A:TYR:308	7x42
A:ALA:309	7x43
A:ASN:310	7x45
A:SER:311	7x46
A:SER:312	7x47
A:LEU:313	7x48
A:ASN:314	7x49
A:PRO:315	7x50
A:VAL:316	7x51
A:LEU:317	7x52
A:TYR:318	7x53
A:ALA:319	7x54
A:PHE:320	7x55
A:LEU:321	7x56
A:ASP:322	7x57
A:GLU:323	8x48
A:ASN:324	8x49
A:PHE:325	8x50
A:LYS:326	8x51
A:ARG:327	8x52
A:CYS:328	8x53
A:PHE:329	8x54
A:ARG:330	8x55
A:GLN:331	8x56
A:LEU:332	8x57
A:CYS:333	8x58
