A:ASP:29	1x28
A:GLU:30	1x29
A:VAL:31	1x30
A:TRP:32	1x31
A:VAL:33	1x32
A:VAL:34	1x33
A:GLY:35	1x34
A:MET:36	1x35
A:GLY:37	1x36
A:ILE:38	1x37
A:VAL:39	1x38
A:MET:40	1x39
A:SER:41	1x40
A:LEU:42	1x41
A:ILE:43	1x42
A:VAL:44	1x43
A:LEU:45	1x44
A:ALA:46	1x45
A:ILE:47	1x46
A:VAL:48	1x47
A:PHE:49	1x48
A:GLY:50	1x49
A:ASN:51	1x50
A:VAL:52	1x51
A:LEU:53	1x52
A:VAL:54	1x53
A:ILE:55	1x54
A:THR:56	1x55
A:ALA:57	1x56
A:ILE:58	1x57
A:ALA:59	1x58
A:LYS:60	1x59
A:PHE:61	1x60
A:GLU:62	12x48
A:ARG:63	12x49
A:LEU:64	12x50
A:GLN:65	12x51
A:THR:66	12x52
A:VAL:67	2x38
A:THR:68	2x39
A:ASN:69	2x40
A:TYR:70	2x41
A:PHE:71	2x42
A:ILE:72	2x43
A:THR:73	2x44
A:SER:74	2x45
A:LEU:75	2x46
A:ALA:76	2x47
A:CYS:77	2x48
A:ALA:78	2x49
A:ASP:79	2x50
A:LEU:80	2x51
A:VAL:81	2x52
A:MET:82	2x53
A:GLY:83	2x54
A:LEU:84	2x55
A:VAL:86	2x56
A:VAL:87	2x57
A:PRO:88	2x58
A:PHE:89	2x59
A:GLY:90	2x60
A:ALA:91	2x61
A:ALA:92	2x62
A:HIS:93	2x63
A:ILE:94	2x64
A:LEU:95	2x65
A:MET:96	2x66
A:LYS:97	23x48
A:MET:98	23x49
A:TRP:99	23x50
A:THR:100	23x51
A:PHE:101	23x52
A:GLY:102	23x53
A:ASN:103	3x22
A:PHE:104	3x23
A:TRP:105	3x24
A:CYS:106	3x25
A:GLU:107	3x26
A:PHE:108	3x27
A:TRP:109	3x28
A:THR:110	3x29
A:SER:111	3x30
A:ILE:112	3x31
A:ASP:113	3x32
A:VAL:114	3x33
A:LEU:115	3x34
A:CYS:116	3x35
A:VAL:117	3x36
A:THR:118	3x37
A:ALA:119	3x38
A:SER:120	3x39
A:ILE:121	3x40
A:GLU:122	3x41
A:THR:123	3x42
A:LEU:124	3x43
A:CYS:125	3x44
A:VAL:126	3x45
A:ILE:127	3x46
A:ALA:128	3x47
A:VAL:129	3x48
A:ASP:130	3x49
A:ARG:131	3x50
A:TYR:132	3x51
A:PHE:133	3x52
A:ALA:134	3x53
A:ILE:135	3x54
A:THR:136	3x55
A:SER:137	3x56
A:PRO:138	34x50
A:PHE:139	34x51
A:LYS:140	34x52
A:TYR:141	34x53
A:GLN:142	34x54
A:SER:143	34x55
A:LEU:144	34x56
A:LEU:145	34x57
A:LYS:149	4x41
A:ALA:150	4x42
A:ARG:151	4x43
A:VAL:152	4x44
A:ILE:153	4x45
A:ILE:154	4x46
A:LEU:155	4x47
A:MET:156	4x48
A:VAL:157	4x49
A:TRP:158	4x50
A:ILE:159	4x51
A:VAL:160	4x52
A:SER:161	4x53
A:GLY:162	4x54
A:LEU:163	4x55
A:THR:164	4x56
A:SER:165	4x57
A:PHE:166	4x58
A:LEU:167	4x59
A:PRO:168	4x60
A:ILE:169	4x61
A:GLN:170	4x62
A:MET:171	4x63
A:CYS:191	45x50
A:ASP:192	45x51
A:PHE:193	45x52
A:ALA:198	5x38
A:TYR:199	5x39
A:ALA:200	5x40
A:ILE:201	5x41
A:ALA:202	5x42
A:SER:203	5x43
A:SER:204	5x44
A:ILE:205	5x45
A:VAL:206	5x46
A:SER:207	5x461
A:PHE:208	5x47
A:TYR:209	5x48
A:VAL:210	5x49
A:PRO:211	5x50
A:LEU:212	5x51
A:VAL:213	5x52
A:ILE:214	5x53
A:MET:215	5x54
A:VAL:216	5x55
A:PHE:217	5x56
A:VAL:218	5x57
A:TYR:219	5x58
A:SER:220	5x59
A:ARG:221	5x60
A:VAL:222	5x61
A:PHE:223	5x62
A:GLN:224	5x63
A:GLU:225	5x64
A:ALA:226	5x65
A:LYS:227	5x66
A:ARG:228	5x67
A:GLN:229	5x68
A:LYS:263	6x25
A:PHE:264	6x26
A:CYS:265	6x27
A:LEU:266	6x28
A:LYS:267	6x29
A:GLU:268	6x30
A:HIS:269	6x31
A:LYS:270	6x32
A:ALA:271	6x33
A:LEU:272	6x34
A:LYS:273	6x35
A:THR:274	6x36
A:LEU:275	6x37
A:GLY:276	6x38
A:ILE:277	6x39
A:ILE:278	6x40
A:MET:279	6x41
A:GLY:280	6x42
A:THR:281	6x43
A:PHE:282	6x44
A:THR:283	6x45
A:LEU:284	6x46
A:CYS:285	6x47
A:TRP:286	6x48
A:LEU:287	6x49
A:PRO:288	6x50
A:PHE:289	6x51
A:PHE:290	6x52
A:ILE:291	6x53
A:VAL:292	6x54
A:ASN:293	6x55
A:ILE:294	6x56
A:VAL:295	6x57
A:HIS:296	6x58
A:VAL:297	6x59
A:ILE:298	6x60
A:GLN:299	6x61
A:ARG:304	7x30
A:LYS:305	7x31
A:GLU:306	7x32
A:VAL:307	7x33
A:TYR:308	7x34
A:ILE:309	7x35
A:LEU:310	7x36
A:LEU:311	7x37
A:ASN:312	7x38
A:TRP:313	7x39
A:ILE:314	7x40
A:GLY:315	7x41
A:TYR:316	7x42
A:VAL:317	7x43
A:ASN:318	7x45
A:SER:319	7x46
A:GLY:320	7x47
A:PHE:321	7x48
A:ASN:322	7x49
A:PRO:323	7x50
A:LEU:324	7x51
A:ILE:325	7x52
A:TYR:326	7x53
A:CYS:327	7x54
A:ARG:328	7x55
A:SER:329	7x56
A:PRO:330	8x48
A:ASP:331	8x49
A:PHE:332	8x50
A:ARG:333	8x51
A:ILE:334	8x52
A:ALA:335	8x53
A:PHE:336	8x54
A:GLN:337	8x55
A:GLU:338	8x56
A:LEU:339	8x57
A:LEU:340	8x58
A:CYS:341	8x59
